<?xml version="1.0" encoding="UTF-8"?>
<teamcity-plugin xmlns:xsi="http://www.w3.org/2001/XMLSchema-instance"
                 xsi:noNamespaceSchemaLocation="urn:shemas-jetbrains-com:teamcity-plugin-v1-xml">
  <info>
    <name>Octopus.TeamCity</name>
    <display-name>Octopus Deploy integration</display-name>
    <version>6.1.10</version>
    <description>Allows Octopus Deploy deployments to be triggered after a build.</description>

    <vendor>
      <name>Octopus Deploy Pty. Ltd.</name>
      <url>http://octopusdeploy.com</url>
    </vendor>
  </info>
  <deployment use-separate-classloader="true" allow-runtime-reload="true" teamcity.development.shadowCopyClasses="true" />
</teamcity-plugin>
