<root>
  <page path="/admin/createObjectMenu.html">
    <usage userId="1" timestamp="1646578909273" />
  </page>
  <page path="/viewLog.html?tab=buildParameters">
    <usage userId="1" timestamp="1646579245655" />
  </page>
  <page path="/agents.html?tab=unauthorizedAgents">
    <usage userId="1" timestamp="1646581283796" />
  </page>
  <page path="/admin/discoverRunners.html">
    <usage userId="1" timestamp="1646578978282" />
  </page>
  <page path="/problems/exitCodeProblemAjax.html">
    <usage userId="1" timestamp="1646581264459" />
  </page>
  <page path="/favoriteIcon.html">
    <usage userId="1" timestamp="1646579117877" />
  </page>
  <page path="/projectHealthStatusItems.html">
    <usage userId="1" timestamp="1646581254311" />
  </page>
  <page path="/admin/createObjectFromUrl.html">
    <usage userId="1" timestamp="1646578910694" />
  </page>
  <page path="/admin/editBuildRunners.html">
    <usage userId="1" timestamp="1646581232924" />
  </page>
  <page path="/viewLog.html?tab=buildLog">
    <usage userId="1" timestamp="1646581274346" />
  </page>
  <page path="/limitedPendingChangesLink.html">
    <usage userId="1" timestamp="1646581254015" />
  </page>
  <page path="/viewLog.html?tab=buildResultsDiv">
    <usage userId="1" timestamp="1646581275470" />
  </page>
  <page path="/admin/editTriggers.html">
    <usage userId="1" timestamp="1646579301850" />
  </page>
  <page path="/admin/editRunType.html">
    <usage userId="1" timestamp="1646581234548" />
  </page>
  <page path="/agents.html">
    <usage userId="1" timestamp="1646581275918" />
  </page>
  <page path="/viewQueued.html">
    <usage userId="1" timestamp="1646581270254" />
  </page>
  <page path="/admin/editProject.html">
    <usage userId="1" timestamp="1646581251076" />
  </page>
  <page path="/changesLink.html">
    <usage userId="1" timestamp="1646580127986" />
  </page>
  <page path="/agents.html?tab=registeredAgents">
    <usage userId="1" timestamp="1646581291313" />
  </page>
  <page path="/viewType.html">
    <usage userId="1" timestamp="1646581181311" />
  </page>
  <page path="/admin/admin.html">
    <usage userId="1" timestamp="1646579366803" />
  </page>
  <page path="/overview.html">
    <usage userId="1" timestamp="1646580124623" />
  </page>
  <page path="/admin/editBuild.html">
    <usage userId="1" timestamp="1646581229887" />
  </page>
  <page path="/project.html?tab=projectOverview">
    <usage userId="1" timestamp="1646581253412" />
  </page>
  <page path="/admin/buildTypeHealthStatusItems.html">
    <usage userId="1" timestamp="1646581235146" />
  </page>
  <page path="/admin/editBuildTypeVcsRoots.html">
    <usage userId="1" timestamp="1646581231556" />
  </page>
  <page path="/viewType.html?tab=buildTypeStatusDiv">
    <usage userId="1" timestamp="1646581256506" />
  </page>
  <page path="/viewLog.html">
    <usage userId="1" timestamp="1646581273667" />
  </page>
  <page path="/admin/projectHealthStatusItems.html">
    <usage userId="1" timestamp="1646581252148" />
  </page>
  <page path="/admin/objectSetup.html">
    <usage userId="1" timestamp="1646578949735" />
  </page>
  <page path="/buildTypeHealthStatusItems.html">
    <usage userId="1" timestamp="1646581257068" />
  </page>
  <page path="/viewLog.html?tab=buildChangesDiv">
    <usage userId="1" timestamp="1646579248098" />
  </page>
</root>