<?xml version="1.0" encoding="UTF-8"?>
<build-type xmlns:xsi="http://www.w3.org/2001/XMLSchema-instance" uuid="eecf0c10-3baf-4f22-8c9d-ed32527b2b5e" xsi:noNamespaceSchemaLocation="https://www.jetbrains.com/teamcity/schemas/2021.1/project-config.xsd">
  <name>Build</name>
  <description />
  <settings>
    <options>
      <option name="artifactRules" value="CrashCourse-InterProcessCommunication/Lesson4/Final/BlogPost/artefact =&gt; /outputs" />
    </options>
    <parameters />
    <build-runners>
      <runner id="RUNNER_2" name="Build &amp; Test" type="simpleRunner">
        <parameters>
          <param name="script.content" value="make test-app" />
          <param name="teamcity.build.workingDir" value="CrashCourse-InterProcessCommunication/Lesson4/Final/BlogPost" />
          <param name="teamcity.step.mode" value="default" />
          <param name="use.custom.script" value="true" />
        </parameters>
      </runner>
      <runner id="RUNNER_3" name="Publish Artefacts" type="simpleRunner">
        <conditions>
          <equals name="teamcity.build.branch.is_default" value="true" />
        </conditions>
        <parameters>
          <param name="script.content" value="make publish-app ./BlogPostApi/BlogPostApi.csproj" />
          <param name="teamcity.build.workingDir" value="CrashCourse-InterProcessCommunication/Lesson4/Final/BlogPost" />
          <param name="teamcity.step.mode" value="default" />
          <param name="use.custom.script" value="true" />
        </parameters>
      </runner>
    </build-runners>
    <vcs-settings>
      <vcs-entry-ref root-id="BlogPostApi_HttpsGithubComJm89crashCoursesGitRefsHeadsMain" />
    </vcs-settings>
    <requirements />
    <build-triggers>
      <build-trigger id="TRIGGER_1" type="vcsTrigger">
        <parameters>
          <param name="branchFilter" value="+:*" />
          <param name="enableQueueOptimization" value="true" />
          <param name="quietPeriodMode" value="DO_NOT_USE" />
        </parameters>
      </build-trigger>
    </build-triggers>
    <cleanup />
  </settings>
</build-type>

